Workbook

Sheet Assumpcions
A1: Escandall de preus — Assumpcions
A2: Toca només les cel·les grogues (inputs). Tota la resta recalcula sola.
A4: Tarifes internes (€/h) — sensibilitat
A5: Tarifa baixa | B5: 30
A6: Tarifa mitjana | B6: 35
A7: Tarifa alta | B7: 40
A9: Estalvi d'hores per IA, per disciplina
A10: Disciplina | B10: % estalvi IA
A11: Descoberta / Immersió | B11: 0.15
A12: UX i arquitectura | B12: 0.3
A13: UI i visual | B13: 0.45
A14: Desenvolupament | B14: 0.5
A15: Redacció / contingut | B15: 0.6
A16: QA / Producció | B16: 0.25
A17: Gestió / coordinació | B17: 0.2
A19: Marge mínim sobre el cost de temps
A20: Marge objectiu | B20: 0.25
A21: Arrodoniment del preu (€) | B21: 10
A23: Llegenda
A24: Groc = input editable · Verd = enllaç a Assumpcions · Negre = fórmula
A25: Les hores són estimacions senior de partida (sense IA); ajusteu-les a cada pestanya.
A26: Rangs de mercat: freelance sènior, Espanya, dades 2026 (fonts a sota). Editables a cada pestanya.
A28: Fonts de mercat (2026)
A29: Web corporativa a mida sènior: 2.000–4.000 € · sencilla 800–2.000 €.
A30: Landing personalitzada: 600–1.500 € (bàsica plantilla 250–600 €).
A31: Tarifa/h UX/UI sènior ES: 35–90 € · Barcelona/Madrid 60–90 € · especialista 80–100+.
A32: Auditoria UX: 800–3.500 € (amb test d'usuaris, des de ~1.290 €).
A33: creasitios.com · pacoruben.com · bierzoseo.com · begoromero.com · reactivaonline.com
A34: malt.es (baròmetre UX) · tarifaautonomo.com · adaptivetech.es · continueweb.com

Sheet Resum
A1: Resum comparatiu de preus
A2: Cost de temps a tarifa mitjana (35 €/h, amb IA) vs preu proposat vs mercat. Tot enllaçat.
A4: Producte | B4: Cost temps @35 | C4: Preu proposat | D4: Marge @35 | E4: Preu mínim | F4: Mercat mín | G4: Mercat màx | H4: Preu dins de mercat?
A5: Web · Tot | B5: =Web!D36 -> 1907.5 | C5: =Web!F36 -> 2400 | D5: =Web!G36 -> 0.20520833 | E5: =Web!H36 -> 2540 | F5: =Web!I36 -> 2000 | G5: =Web!J36 -> 4000 | H5: =IF(AND(C5>=F5,C5<=G5),"Sí","Revisar") -> Sí
A6: Web · UX Design | B6: =Web!D37 -> 840 | C6: =Web!F37 -> 960 | D6: =Web!G37 -> 0.125 | E6: =Web!H37 -> 1120 | F6: =Web!I37 -> 800 | G6: =Web!J37 -> 2000 | H6: =IF(AND(C6>=F6,C6<=G6),"Sí","Revisar") -> Sí
A7: Web · UI Design | B7: =Web!D38 -> 791 | C7: =Web!F38 -> 960 | D7: =Web!G38 -> 0.17604167 | E7: =Web!H38 -> 1050 | F7: =Web!I38 -> 800 | G7: =Web!J38 -> 2000 | H7: =IF(AND(C7>=F7,C7<=G7),"Sí","Revisar") -> Sí
A8: Web · Desenvolupament | B8: =Web!D39 -> 1123.5 | C8: =Web!F39 -> 1440 | D8: =Web!G39 -> 0.21979167 | E8: =Web!H39 -> 1500 | F8: =Web!I39 -> 1200 | G8: =Web!J39 -> 2800 | H8: =IF(AND(C8>=F8,C8<=G8),"Sí","Revisar") -> Sí
A9: Landing · Tot | B9: =Landing!D36 -> 1092 | C9: =Landing!F36 -> 1440 | D9: =Landing!G36 -> 0.24166667 | E9: =Landing!H36 -> 1460 | F9: =Landing!I36 -> 900 | G9: =Landing!J36 -> 2000 | H9: =IF(AND(C9>=F9,C9<=G9),"Sí","Revisar") -> Sí
A10: Landing · UX Design | B10: =Landing!D37 -> 526.75 | C10: =Landing!F37 -> 720 | D10: =Landing!G37 -> 0.26840278 | E10: =Landing!H37 -> 700 | F10: =Landing!I37 -> 500 | G10: =Landing!J37 -> 1200 | H10: =IF(AND(C10>=F10,C10<=G10),"Sí","Revisar") -> Sí
A11: Landing · UI Design | B11: =Landing!D38 -> 472.5 | C11: =Landing!F38 -> 720 | D11: =Landing!G38 -> 0.34375 | E11: =Landing!H38 -> 630 | F11: =Landing!I38 -> 500 | G11: =Landing!J38 -> 1200 | H11: =IF(AND(C11>=F11,C11<=G11),"Sí","Revisar") -> Sí
A12: Landing · Desenvolupament | B12: =Landing!D39 -> 600.25 | C12: =Landing!F39 -> 960 | D12: =Landing!G39 -> 0.37473958 | E12: =Landing!H39 -> 800 | F12: =Landing!I39 -> 700 | G12: =Landing!J39 -> 1600 | H12: =IF(AND(C12>=F12,C12<=G12),"Sí","Revisar") -> Sí
A13: Auditoria UI/UX | B13: =Auditoria!B18 -> 656.25 | C13: =Auditoria!C18 -> 1100 | D13: =Auditoria!D18 -> 0.40340909 | E13: =Auditoria!E18 -> 880 | F13: =Auditoria!F18 -> 900 | G13: =Auditoria!G18 -> 3500 | H13: =IF(AND(C13>=F13,C13<=G13),"Sí","Revisar") -> Sí

Sheet Web
A1: Escandall — Web
A2: Hores de partida en blau (editables). Preu proposat i mercat també editables (blau).
A4: Web · Tot
A5: Fase | B5: Disciplina | C5: Hores base | D5: % IA | E5: Hores amb IA | F5: Cost @30 | G5: Cost @35 | H5: Cost @40
A6: Immersió | B6: Descoberta | C6: 8 | D6: =Assumpcions!$B$11 -> 0.15 | E6: =C6*(1-D6) -> 6.8 | F6: =E6*Assumpcions!$B$5 -> 204 | G6: =E6*Assumpcions!$B$6 -> 238 | H6: =E6*Assumpcions!$B$7 -> 272
A7: Disseny UX i arquitectura | B7: UX | C7: 18 | D7: =Assumpcions!$B$12 -> 0.3 | E7: =C7*(1-D7) -> 12.6 | F7: =E7*Assumpcions!$B$5 -> 378 | G7: =E7*Assumpcions!$B$6 -> 441 | H7: =E7*Assumpcions!$B$7 -> 504
A8: Disseny UI | B8: UI | C8: 22 | D8: =Assumpcions!$B$13 -> 0.45 | E8: =C8*(1-D8) -> 12.1 | F8: =E8*Assumpcions!$B$5 -> 363 | G8: =E8*Assumpcions!$B$6 -> 423.5 | H8: =E8*Assumpcions!$B$7 -> 484
A9: Desenvolupament a mida | B9: Dev | C9: 34 | D9: =Assumpcions!$B$14 -> 0.5 | E9: =C9*(1-D9) -> 17 | F9: =E9*Assumpcions!$B$5 -> 510 | G9: =E9*Assumpcions!$B$6 -> 595 | H9: =E9*Assumpcions!$B$7 -> 680
A10: Posada en producció | B10: QA/Prod | C10: 8 | D10: =Assumpcions!$B$16 -> 0.25 | E10: =C10*(1-D10) -> 6 | F10: =E10*Assumpcions!$B$5 -> 180 | G10: =E10*Assumpcions!$B$6 -> 210 | H10: =E10*Assumpcions!$B$7 -> 240
A11: Subtotal | C11: =SUM(C6:C10) -> 90 | E11: =SUM(E6:E10) -> 54.5 | F11: =SUM(F6:F10) -> 1635 | G11: =SUM(G6:G10) -> 1907.5 | H11: =SUM(H6:H10) -> 2180
A13: Web · UX Design
A14: Fase | B14: Disciplina | C14: Hores base | D14: % IA | E14: Hores amb IA | F14: Cost @30 | G14: Cost @35 | H14: Cost @40
A15: Immersió | B15: Descoberta | C15: 8 | D15: =Assumpcions!$B$11 -> 0.15 | E15: =C15*(1-D15) -> 6.8 | F15: =E15*Assumpcions!$B$5 -> 204 | G15: =E15*Assumpcions!$B$6 -> 238 | H15: =E15*Assumpcions!$B$7 -> 272
A16: Disseny UX i arquitectura | B16: UX | C16: 20 | D16: =Assumpcions!$B$12 -> 0.3 | E16: =C16*(1-D16) -> 14 | F16: =E16*Assumpcions!$B$5 -> 420 | G16: =E16*Assumpcions!$B$6 -> 490 | H16: =E16*Assumpcions!$B$7 -> 560
A17: Lliurament i traspàs | B17: Gestió | C17: 4 | D17: =Assumpcions!$B$17 -> 0.2 | E17: =C17*(1-D17) -> 3.2 | F17: =E17*Assumpcions!$B$5 -> 96 | G17: =E17*Assumpcions!$B$6 -> 112 | H17: =E17*Assumpcions!$B$7 -> 128
A18: Subtotal | C18: =SUM(C15:C17) -> 32 | E18: =SUM(E15:E17) -> 24 | F18: =SUM(F15:F17) -> 720 | G18: =SUM(G15:G17) -> 840 | H18: =SUM(H15:H17) -> 960
A20: Web · UI Design
A21: Fase | B21: Disciplina | C21: Hores base | D21: % IA | E21: Hores amb IA | F21: Cost @30 | G21: Cost @35 | H21: Cost @40
A22: Immersió | B22: Descoberta | C22: 6 | D22: =Assumpcions!$B$11 -> 0.15 | E22: =C22*(1-D22) -> 5.1 | F22: =E22*Assumpcions!$B$5 -> 153 | G22: =E22*Assumpcions!$B$6 -> 178.5 | H22: =E22*Assumpcions!$B$7 -> 204
A23: Disseny UI | B23: UI | C23: 26 | D23: =Assumpcions!$B$13 -> 0.45 | E23: =C23*(1-D23) -> 14.3 | F23: =E23*Assumpcions!$B$5 -> 429 | G23: =E23*Assumpcions!$B$6 -> 500.5 | H23: =E23*Assumpcions!$B$7 -> 572
A24: Lliurament i traspàs | B24: Gestió | C24: 4 | D24: =Assumpcions!$B$17 -> 0.2 | E24: =C24*(1-D24) -> 3.2 | F24: =E24*Assumpcions!$B$5 -> 96 | G24: =E24*Assumpcions!$B$6 -> 112 | H24: =E24*Assumpcions!$B$7 -> 128
A25: Subtotal | C25: =SUM(C22:C24) -> 36 | E25: =SUM(E22:E24) -> 22.6 | F25: =SUM(F22:F24) -> 678 | G25: =SUM(G22:G24) -> 791 | H25: =SUM(H22:H24) -> 904
A27: Web · Desenvolupament
A28: Fase | B28: Disciplina | C28: Hores base | D28: % IA | E28: Hores amb IA | F28: Cost @30 | G28: Cost @35 | H28: Cost @40
A29: Immersió | B29: Descoberta | C29: 6 | D29: =Assumpcions!$B$11 -> 0.15 | E29: =C29*(1-D29) -> 5.1 | F29: =E29*Assumpcions!$B$5 -> 153 | G29: =E29*Assumpcions!$B$6 -> 178.5 | H29: =E29*Assumpcions!$B$7 -> 204
A30: Desenvolupament a mida | B30: Dev | C30: 42 | D30: =Assumpcions!$B$14 -> 0.5 | E30: =C30*(1-D30) -> 21 | F30: =E30*Assumpcions!$B$5 -> 630 | G30: =E30*Assumpcions!$B$6 -> 735 | H30: =E30*Assumpcions!$B$7 -> 840
A31: Posada en producció | B31: QA/Prod | C31: 8 | D31: =Assumpcions!$B$16 -> 0.25 | E31: =C31*(1-D31) -> 6 | F31: =E31*Assumpcions!$B$5 -> 180 | G31: =E31*Assumpcions!$B$6 -> 210 | H31: =E31*Assumpcions!$B$7 -> 240
A32: Subtotal | C32: =SUM(C29:C31) -> 56 | E32: =SUM(E29:E31) -> 32.1 | F32: =SUM(F29:F31) -> 963 | G32: =SUM(G29:G31) -> 1123.5 | H32: =SUM(H29:H31) -> 1284
A34: Resum Web
A35: Rol | B35: Hores IA | C35: Cost temps @30 | D35: Cost temps @35 | E35: Cost temps @40 | F35: Preu proposat | G35: Marge @35 | H35: Preu mínim (marge obj.) | I35: Mercat mín | J35: Mercat màx
A36: Tot | B36: =E11 -> 54.5 | C36: =F11 -> 1635 | D36: =G11 -> 1907.5 | E36: =H11 -> 2180 | F36: 2400 | G36: =(F36-D36)/F36 -> 0.20520833 | H36: =MROUND(D36/(1-Assumpcions!$B$20),Assumpcions!$B$21) -> 2540 | I36: 2000 | J36: 4000
A37: UX Design | B37: =E18 -> 24 | C37: =F18 -> 720 | D37: =G18 -> 840 | E37: =H18 -> 960 | F37: 960 | G37: =(F37-D37)/F37 -> 0.125 | H37: =MROUND(D37/(1-Assumpcions!$B$20),Assumpcions!$B$21) -> 1120 | I37: 800 | J37: 2000
A38: UI Design | B38: =E25 -> 22.6 | C38: =F25 -> 678 | D38: =G25 -> 791 | E38: =H25 -> 904 | F38: 960 | G38: =(F38-D38)/F38 -> 0.17604167 | H38: =MROUND(D38/(1-Assumpcions!$B$20),Assumpcions!$B$21) -> 1050 | I38: 800 | J38: 2000
A39: Desenvolupament | B39: =E32 -> 32.1 | C39: =F32 -> 963 | D39: =G32 -> 1123.5 | E39: =H32 -> 1284 | F39: 1440 | G39: =(F39-D39)/F39 -> 0.21979167 | H39: =MROUND(D39/(1-Assumpcions!$B$20),Assumpcions!$B$21) -> 1500 | I39: 1200 | J39: 2800

Sheet Landing
A1: Escandall — Landing
A2: Hores de partida en blau (editables). Preu proposat i mercat també editables (blau).
A4: Landing · Tot
A5: Fase | B5: Disciplina | C5: Hores base | D5: % IA | E5: Hores amb IA | F5: Cost @30 | G5: Cost @35 | H5: Cost @40
A6: Immersió | B6: Descoberta | C6: 6 | D6: =Assumpcions!$B$11 -> 0.15 | E6: =C6*(1-D6) -> 5.1 | F6: =E6*Assumpcions!$B$5 -> 153 | G6: =E6*Assumpcions!$B$6 -> 178.5 | H6: =E6*Assumpcions!$B$7 -> 204
A7: Disseny UX i arquitectura | B7: UX | C7: 10 | D7: =Assumpcions!$B$12 -> 0.3 | E7: =C7*(1-D7) -> 7 | F7: =E7*Assumpcions!$B$5 -> 210 | G7: =E7*Assumpcions!$B$6 -> 245 | H7: =E7*Assumpcions!$B$7 -> 280
A8: Disseny UI | B8: UI | C8: 12 | D8: =Assumpcions!$B$13 -> 0.45 | E8: =C8*(1-D8) -> 6.6 | F8: =E8*Assumpcions!$B$5 -> 198 | G8: =E8*Assumpcions!$B$6 -> 231 | H8: =E8*Assumpcions!$B$7 -> 264
A9: Desenvolupament a mida | B9: Dev | C9: 16 | D9: =Assumpcions!$B$14 -> 0.5 | E9: =C9*(1-D9) -> 8 | F9: =E9*Assumpcions!$B$5 -> 240 | G9: =E9*Assumpcions!$B$6 -> 280 | H9: =E9*Assumpcions!$B$7 -> 320
A10: Posada en producció | B10: QA/Prod | C10: 6 | D10: =Assumpcions!$B$16 -> 0.25 | E10: =C10*(1-D10) -> 4.5 | F10: =E10*Assumpcions!$B$5 -> 135 | G10: =E10*Assumpcions!$B$6 -> 157.5 | H10: =E10*Assumpcions!$B$7 -> 180
A11: Subtotal | C11: =SUM(C6:C10) -> 50 | E11: =SUM(E6:E10) -> 31.2 | F11: =SUM(F6:F10) -> 936 | G11: =SUM(G6:G10) -> 1092 | H11: =SUM(H6:H10) -> 1248
A13: Landing · UX Design
A14: Fase | B14: Disciplina | C14: Hores base | D14: % IA | E14: Hores amb IA | F14: Cost @30 | G14: Cost @35 | H14: Cost @40
A15: Immersió | B15: Descoberta | C15: 5 | D15: =Assumpcions!$B$11 -> 0.15 | E15: =C15*(1-D15) -> 4.25 | F15: =E15*Assumpcions!$B$5 -> 127.5 | G15: =E15*Assumpcions!$B$6 -> 148.75 | H15: =E15*Assumpcions!$B$7 -> 170
A16: Disseny UX i arquitectura | B16: UX | C16: 12 | D16: =Assumpcions!$B$12 -> 0.3 | E16: =C16*(1-D16) -> 8.4 | F16: =E16*Assumpcions!$B$5 -> 252 | G16: =E16*Assumpcions!$B$6 -> 294 | H16: =E16*Assumpcions!$B$7 -> 336
A17: Lliurament i traspàs | B17: Gestió | C17: 3 | D17: =Assumpcions!$B$17 -> 0.2 | E17: =C17*(1-D17) -> 2.4 | F17: =E17*Assumpcions!$B$5 -> 72 | G17: =E17*Assumpcions!$B$6 -> 84 | H17: =E17*Assumpcions!$B$7 -> 96
A18: Subtotal | C18: =SUM(C15:C17) -> 20 | E18: =SUM(E15:E17) -> 15.05 | F18: =SUM(F15:F17) -> 451.5 | G18: =SUM(G15:G17) -> 526.75 | H18: =SUM(H15:H17) -> 602
A20: Landing · UI Design
A21: Fase | B21: Disciplina | C21: Hores base | D21: % IA | E21: Hores amb IA | F21: Cost @30 | G21: Cost @35 | H21: Cost @40
A22: Immersió | B22: Descoberta | C22: 4 | D22: =Assumpcions!$B$11 -> 0.15 | E22: =C22*(1-D22) -> 3.4 | F22: =E22*Assumpcions!$B$5 -> 102 | G22: =E22*Assumpcions!$B$6 -> 119 | H22: =E22*Assumpcions!$B$7 -> 136
A23: Disseny UI | B23: UI | C23: 14 | D23: =Assumpcions!$B$13 -> 0.45 | E23: =C23*(1-D23) -> 7.7 | F23: =E23*Assumpcions!$B$5 -> 231 | G23: =E23*Assumpcions!$B$6 -> 269.5 | H23: =E23*Assumpcions!$B$7 -> 308
A24: Lliurament i traspàs | B24: Gestió | C24: 3 | D24: =Assumpcions!$B$17 -> 0.2 | E24: =C24*(1-D24) -> 2.4 | F24: =E24*Assumpcions!$B$5 -> 72 | G24: =E24*Assumpcions!$B$6 -> 84 | H24: =E24*Assumpcions!$B$7 -> 96
A25: Subtotal | C25: =SUM(C22:C24) -> 21 | E25: =SUM(E22:E24) -> 13.5 | F25: =SUM(F22:F24) -> 405 | G25: =SUM(G22:G24) -> 472.5 | H25: =SUM(H22:H24) -> 540
A27: Landing · Desenvolupament
A28: Fase | B28: Disciplina | C28: Hores base | D28: % IA | E28: Hores amb IA | F28: Cost @30 | G28: Cost @35 | H28: Cost @40
A29: Immersió | B29: Descoberta | C29: 4 | D29: =Assumpcions!$B$11 -> 0.15 | E29: =C29*(1-D29) -> 3.4 | F29: =E29*Assumpcions!$B$5 -> 102 | G29: =E29*Assumpcions!$B$6 -> 119 | H29: =E29*Assumpcions!$B$7 -> 136
A30: Desenvolupament a mida | B30: Dev | C30: 20 | D30: =Assumpcions!$B$14 -> 0.5 | E30: =C30*(1-D30) -> 10 | F30: =E30*Assumpcions!$B$5 -> 300 | G30: =E30*Assumpcions!$B$6 -> 350 | H30: =E30*Assumpcions!$B$7 -> 400
A31: Posada en producció | B31: QA/Prod | C31: 5 | D31: =Assumpcions!$B$16 -> 0.25 | E31: =C31*(1-D31) -> 3.75 | F31: =E31*Assumpcions!$B$5 -> 112.5 | G31: =E31*Assumpcions!$B$6 -> 131.25 | H31: =E31*Assumpcions!$B$7 -> 150
A32: Subtotal | C32: =SUM(C29:C31) -> 29 | E32: =SUM(E29:E31) -> 17.15 | F32: =SUM(F29:F31) -> 514.5 | G32: =SUM(G29:G31) -> 600.25 | H32: =SUM(H29:H31) -> 686
A34: Resum Landing
A35: Rol | B35: Hores IA | C35: Cost temps @30 | D35: Cost temps @35 | E35: Cost temps @40 | F35: Preu proposat | G35: Marge @35 | H35: Preu mínim (marge obj.) | I35: Mercat mín | J35: Mercat màx
A36: Tot | B36: =E11 -> 31.2 | C36: =F11 -> 936 | D36: =G11 -> 1092 | E36: =H11 -> 1248 | F36: 1440 | G36: =(F36-D36)/F36 -> 0.24166667 | H36: =MROUND(D36/(1-Assumpcions!$B$20),Assumpcions!$B$21) -> 1460 | I36: 900 | J36: 2000
A37: UX Design | B37: =E18 -> 15.05 | C37: =F18 -> 451.5 | D37: =G18 -> 526.75 | E37: =H18 -> 602 | F37: 720 | G37: =(F37-D37)/F37 -> 0.26840278 | H37: =MROUND(D37/(1-Assumpcions!$B$20),Assumpcions!$B$21) -> 700 | I37: 500 | J37: 1200
A38: UI Design | B38: =E25 -> 13.5 | C38: =F25 -> 405 | D38: =G25 -> 472.5 | E38: =H25 -> 540 | F38: 720 | G38: =(F38-D38)/F38 -> 0.34375 | H38: =MROUND(D38/(1-Assumpcions!$B$20),Assumpcions!$B$21) -> 630 | I38: 500 | J38: 1200
A39: Desenvolupament | B39: =E32 -> 17.15 | C39: =F32 -> 514.5 | D39: =G32 -> 600.25 | E39: =H32 -> 686 | F39: 960 | G39: =(F39-D39)/F39 -> 0.37473958 | H39: =MROUND(D39/(1-Assumpcions!$B$20),Assumpcions!$B$21) -> 800 | I39: 700 | J39: 1600

Sheet Auditoria
A1: Escandall — Auditoria (per focus)
A2: Base per combinació de focus (UX/UI/Dev) + talla d'abast + extres. Producte d'entrada; es descompta si es converteix a projecte en 3 mesos.
A4: Cost de temps per component (amb IA)
A5: Component | B5: Disciplina | C5: Hores | D5: % IA | E5: Hores amb IA | F5: Cost @35
A6: Lent UX — heurística i fluxos | B6: UX | C6: 8 | D6: =Assumpcions!$B$12 -> 0.3 | E6: =C6*(1-D6) -> 5.6 | F6: =E6*Assumpcions!$B$6 -> 196
A7: Lent UI — visual i sistema | B7: UI | C7: 7 | D7: =Assumpcions!$B$13 -> 0.45 | E7: =C7*(1-D7) -> 3.85 | F7: =E7*Assumpcions!$B$6 -> 134.75
A8: Lent Dev — perf, a11y, SEO | B8: Dev | C8: 9 | D8: =Assumpcions!$B$14 -> 0.5 | E8: =C8*(1-D8) -> 4.5 | F8: =E8*Assumpcions!$B$6 -> 157.5
A9: Informe prioritzat | B9: Redacció | C9: 4 | D9: =Assumpcions!$B$15 -> 0.6 | E9: =C9*(1-D9) -> 1.6 | F9: =E9*Assumpcions!$B$6 -> 56
A10: Sessió de retorn 90' | B10: Gestió | C10: 2 | D10: =Assumpcions!$B$17 -> 0.2 | E10: =C10*(1-D10) -> 1.6 | F10: =E10*Assumpcions!$B$6 -> 56
A11: Roadmap accionable | B11: Gestió | C11: 2 | D11: =Assumpcions!$B$17 -> 0.2 | E11: =C11*(1-D11) -> 1.6 | F11: =E11*Assumpcions!$B$6 -> 56
A12: Base compartida (informe + sessió + roadmap) | F12: =SUM(F9:F11) -> 168
A14: Preu per combinació de focus
A15: Combinació | B15: Cost temps @35 | C15: Preu proposat | D15: Marge @35 | E15: Preu mínim | F15: Mercat mín | G15: Mercat màx
A16: 1 focus (UX / UI o Dev sol) | B16: =F12+F6 -> 364 | C16: 600 | D16: =(C16-B16)/C16 -> 0.39333333 | E16: =MROUND(B16/(1-Assumpcions!$B$20),Assumpcions!$B$21) -> 490 | F16: 500 | G16: 1500
A17: 2 focus | B17: =F12+F6+F7 -> 498.75 | C17: 900 | D17: =(C17-B17)/C17 -> 0.44583333 | E17: =MROUND(B17/(1-Assumpcions!$B$20),Assumpcions!$B$21) -> 670 | F17: 700 | G17: 2500
A18: 3 focus · Tot | B18: =F12+F6+F7+F8 -> 656.25 | C18: 1100 | D18: =(C18-B18)/C18 -> 0.40340909 | E18: =MROUND(B18/(1-Assumpcions!$B$20),Assumpcions!$B$21) -> 880 | F18: 900 | G18: 3500
A19: Cost '1 focus' calculat amb la lent UX com a representativa; Dev sol queda una mica més just.
A21: Abast (talla) — increment sobre la base
A22: Talla | B22: Descripció | C22: Hores addic. | D22: Cost @35 | E22: Increment de preu
A23: S | B23: Fins a 2 fluxos / 10 pantalles (inclòs) | C23: 0 | D23: =C23*(1-Assumpcions!$B$12)*Assumpcions!$B$6 -> 0 | E23: 0
A24: M | B24: Fins a 4 fluxos / 20 pantalles | C24: 6 | D24: =C24*(1-Assumpcions!$B$12)*Assumpcions!$B$6 -> 147 | E24: 300
A25: L | B25: Fins a 8 fluxos / 40 pantalles o 2 productes | C25: 12 | D25: =C25*(1-Assumpcions!$B$12)*Assumpcions!$B$6 -> 294 | E25: 600
A27: Extres de l'auditoria
A28: Extra | B28: Disciplina | C28: Hores | D28: % IA | E28: Hores amb IA | F28: Cost @35 | G28: Preu | H28: Marge @35
A29: Test amb usuaris (5 participants) | B29: UX | C29: 12 | D29: =Assumpcions!$B$12 -> 0.3 | E29: =C29*(1-D29) -> 8.4 | F29: =E29*Assumpcions!$B$6 -> 294 | G29: 500 | H29: =(G29-F29)/G29 -> 0.412
A30: Auditoria accessibilitat WCAG 2.2 AA | B30: Dev | C30: 8 | D30: =Assumpcions!$B$14 -> 0.5 | E30: =C30*(1-D30) -> 4 | F30: =E30*Assumpcions!$B$6 -> 140 | G30: 350 | H30: =(G30-F30)/G30 -> 0.6
A31: Benchmark competitiu (3 competidors) | B31: UX | C31: 5 | D31: =Assumpcions!$B$12 -> 0.3 | E31: =C31*(1-D31) -> 3.5 | F31: =E31*Assumpcions!$B$6 -> 122.5 | G31: 250 | H31: =(G31-F31)/G31 -> 0.51
A32: Analítica i comportament real | B32: UX | C32: 5 | D32: =Assumpcions!$B$12 -> 0.3 | E32: =C32*(1-D32) -> 3.5 | F32: =E32*Assumpcions!$B$6 -> 122.5 | G32: 250 | H32: =(G32-F32)/G32 -> 0.51
A33: Anàlisi de conversió | B33: UX | C33: 4 | D33: =Assumpcions!$B$12 -> 0.3 | E33: =C33*(1-D33) -> 2.8 | F33: =E33*Assumpcions!$B$6 -> 98 | G33: 250 | H33: =(G33-F33)/G33 -> 0.608
A34: Revisió UX writing / microcopy | B34: Redacció | C34: 4 | D34: =Assumpcions!$B$15 -> 0.6 | E34: =C34*(1-D34) -> 1.6 | F34: =E34*Assumpcions!$B$6 -> 56 | G34: 200 | H34: =(G34-F34)/G34 -> 0.72
A35: Recomanacions navegables a Figma | B35: UI | C35: 6 | D35: =Assumpcions!$B$13 -> 0.45 | E35: =C35*(1-D35) -> 3.3 | F35: =E35*Assumpcions!$B$6 -> 115.5 | G35: 300 | H35: =(G35-F35)/G35 -> 0.615

Sheet Extres
A1: Escandall — Extres del configurador
A2: Cost de temps (amb IA) vs preu de cada extra. Hores i preu editables (blau).
A4: Extra | B4: Disciplina | C4: Hores base | D4: % IA | E4: Hores amb IA | F4: Cost @35 | G4: Preu | H4: Marge @35 | I4: Nota
A5: Pàgina extra | B5: Dev | C5: 3 | D5: =Assumpcions!$B$14 -> 0.5 | E5: =C5*(1-D5) -> 1.5 | F5: =E5*Assumpcions!$B$6 -> 52.5 | G5: 200 | H5: =(G5-F5)/G5 -> 0.7375 | I5: Preu segons rol: Tot 200 · Dev 100 · UX/UI 50 €/pàgina
A6: Idioma extra | B6: Dev | C6: 4 | D6: =Assumpcions!$B$14 -> 0.5 | E6: =C6*(1-D6) -> 2 | F6: =E6*Assumpcions!$B$6 -> 70 | G6: 150 | H6: =(G6-F6)/G6 -> 0.53333333 | I6: Implementació i cablejat; traduccions a càrrec del client
A7: Motion i interacció premium | B7: Dev | C7: 8 | D7: =Assumpcions!$B$14 -> 0.5 | E7: =C7*(1-D7) -> 4 | F7: =E7*Assumpcions!$B$6 -> 140 | G7: 400 | H7: =(G7-F7)/G7 -> 0.65 | I7: Animació/interacció avançada (GSAP)
A8: CMS bàsic | B8: Dev | C8: 12 | D8: =Assumpcions!$B$14 -> 0.5 | E8: =C8*(1-D8) -> 6 | F8: =E8*Assumpcions!$B$6 -> 210 | G8: 500 | H8: =(G8-F8)/G8 -> 0.58 | I8: Només web
A9: Redacció de textos (per pàgina) | B9: Redacció | C9: 1 | D9: =Assumpcions!$B$15 -> 0.6 | E9: =C9*(1-D9) -> 0.4 | F9: =E9*Assumpcions!$B$6 -> 14 | G9: 80 | H9: =(G9-F9)/G9 -> 0.825 | I9: Preu = 80 € × pàgines totals de la web
A11: Els marges alts són normals: l'IA comprimeix molt les hores dels extres. Marge per fer paquets o negociar.

Sheet Col·laboració
A1: Col·laboració amb agències — tarifa vs mercat
A2: Línia A: no és escandall d'hores sinó posicionament de tarifa. 30 €/h és el terra, mai la base.
A4: Modalitat | B4: Tarifa Marius (€/h) | C4: h/mes ref. | D4: Equivalent mensual | E4: Mercat mín (€/h) | F4: Mercat màx (€/h) | G4: Posició vs punt mig
A5: Ad-hoc / hores soltes | B5: 40 | C5: 0 | D5: =B5*C5 -> 0 | E5: 45 | F5: 70 | G5: =B5-(E5+F5)/2 -> -17.5
A6: Setmana completa | B6: 38 | C6: 152 | D6: =B6*C6 -> 5776 | E6: 40 | F6: 60 | G6: =B6-(E6+F6)/2 -> -12
A7: Mes complet | B7: 35 | C7: 160 | D7: =B7*C7 -> 5600 | E7: 38 | F7: 55 | G7: =B7-(E7+F7)/2 -> -11.5
A8: Compromís 3+ mesos | B8: 31 | C8: 160 | D8: =B8*C8 -> 4960 | E8: 35 | F8: 50 | G8: =B8-(E8+F8)/2 -> -11.5
A10: Modificadors: urgència <48h +10% · dedicació parcial → tram superior · renovació manté tarifa.
A11: IA no abarateix aquesta línia (es ven perfil senior per hora); sí que augmenta la teva producció per hora.
A12: Rangs = tarifa a AGÈNCIA (Espanya, sènior, 2026). Client directe puja a 60–90 €/h (Barcelona/Madrid). Fonts: Malt, tarifaautonomo.com.
